"user_id","country","supported_languages"
"10114","US","[""en"", ""es"", ""haw"", ""fr""]"
"10000000942","CA","[""en"", ""fr"", ""iu""]"
"10000001189","CA","[""en"", ""fr"", ""iu""]"
"10000007905","US","[""en"", ""es"", ""haw"", ""fr""]"
"10000009679","CA","[""en"", ""fr"", ""iu""]"
"10000014174","CA","[""en"", ""fr"", ""iu""]"
"100000337707","CA","[""en"", ""fr"", ""iu""]"
"100000337715","CA","[""en"", ""fr"", ""iu""]"
"100000337756","CA","[""en"", ""fr"", ""iu""]"
"100000337780","US","[""en"", ""es"", ""haw"", ""fr""]"
"100000337798","CN","[""zh"", ""yue"", ""wuu"", ""dta"", ""ug"", ""za""]"
"100000338069","IN","[""en"", ""hi"", ""bn"", ""te"", ""mr"", ""ta"", ""ur"", ""gu"", ""kn"", ""ml"", ""or"", ""pa"", ""as"", ""bh"", ""sat"", ""ks"", ""ne"", ""sd"", ""kok"", ""doi"", ""mni"", ""sit"", ""sa"", ""lus"", ""inc""]"
"100000338143","US","[""en"", ""es"", ""haw"", ""fr""]"
"100000338267","IN","[""en"", ""hi"", ""bn"", ""te"", ""mr"", ""ta"", ""ur"", ""gu"", ""kn"", ""ml"", ""or"", ""pa"", ""as"", ""bh"", ""sat"", ""ks"", ""ne"", ""sd"", ""kok"", ""doi"", ""mni"", ""sit"", ""sa"", ""lus"", ""inc""]"
"100000338382","IN","[""en"", ""hi"", ""bn"", ""te"", ""mr"", ""ta"", ""ur"", ""gu"", ""kn"", ""ml"", ""or"", ""pa"", ""as"", ""bh"", ""sat"", ""ks"", ""ne"", ""sd"", ""kok"", ""doi"", ""mni"", ""sit"", ""sa"", ""lus"", ""inc""]"
"100000338606","US","[""en"", ""es"", ""haw"", ""fr""]"
"100000338945","US","[""en"", ""es"", ""haw"", ""fr""]"
"100000339042","US","[""en"", ""es"", ""haw"", ""fr""]"
"100000339059","IN","[""en"", ""hi"", ""bn"", ""te"", ""mr"", ""ta"", ""ur"", ""gu"", ""kn"", ""ml"", ""or"", ""pa"", ""as"", ""bh"", ""sat"", ""ks"", ""ne"", ""sd"", ""kok"", ""doi"", ""mni"", ""sit"", ""sa"", ""lus"", ""inc""]"
"100000339083","CA","[""en"", ""fr"", ""iu""]"
"100000339109","CA","[""en"", ""fr"", ""iu""]"
"100000339141","IN","[""en"", ""hi"", ""bn"", ""te"", ""mr"", ""ta"", ""ur"", ""gu"", ""kn"", ""ml"", ""or"", ""pa"", ""as"", ""bh"", ""sat"", ""ks"", ""ne"", ""sd"", ""kok"", ""doi"", ""mni"", ""sit"", ""sa"", ""lus"", ""inc""]"
"100000339281","US","[""en"", ""es"", ""haw"", ""fr""]"
"100000339299","ES","[""es"", ""ca"", ""gl"", ""eu"", ""oc""]"
"100000339323","US","[""en"", ""es"", ""haw"", ""fr""]"
"100000339331","IN","[""en"", ""hi"", ""bn"", ""te"", ""mr"", ""ta"", ""ur"", ""gu"", ""kn"", ""ml"", ""or"", ""pa"", ""as"", ""bh"", ""sat"", ""ks"", ""ne"", ""sd"", ""kok"", ""doi"", ""mni"", ""sit"", ""sa"", ""lus"", ""inc""]"
"100000339349","IN","[""en"", ""hi"", ""bn"", ""te"", ""mr"", ""ta"", ""ur"", ""gu"", ""kn"", ""ml"", ""or"", ""pa"", ""as"", ""bh"", ""sat"", ""ks"", ""ne"", ""sd"", ""kok"", ""doi"", ""mni"", ""sit"", ""sa"", ""lus"", ""inc""]"
"100000339380","IN","[""en"", ""hi"", ""bn"", ""te"", ""mr"", ""ta"", ""ur"", ""gu"", ""kn"", ""ml"", ""or"", ""pa"", ""as"", ""bh"", ""sat"", ""ks"", ""ne"", ""sd"", ""kok"", ""doi"", ""mni"", ""sit"", ""sa"", ""lus"", ""inc""]"
"100000339448","BY","[""be"", ""ru""]"
"100000339455","US","[""en"", ""es"", ""haw"", ""fr""]"
"100000339539","US","[""en"", ""es"", ""haw"", ""fr""]"
"100000339646","US","[""en"", ""es"", ""haw"", ""fr""]"
"100000339711","US","[""en"", ""es"", ""haw"", ""fr""]"
"100000339729","US","[""en"", ""es"", ""haw"", ""fr""]"
"100000339752","US","[""en"", ""es"", ""haw"", ""fr""]"
"100000339901","US","[""en"", ""es"", ""haw"", ""fr""]"
"100000339968","CA","[""en"", ""fr"", ""iu""]"
"100000340156","IN","[""en"", ""hi"", ""bn"", ""te"", ""mr"", ""ta"", ""ur"", ""gu"", ""kn"", ""ml"", ""or"", ""pa"", ""as"", ""bh"", ""sat"", ""ks"", ""ne"", ""sd"", ""kok"", ""doi"", ""mni"", ""sit"", ""sa"", ""lus"", ""inc""]"
"100000340164","US","[""en"", ""es"", ""haw"", ""fr""]"
"100000340214","IN","[""en"", ""hi"", ""bn"", ""te"", ""mr"", ""ta"", ""ur"", ""gu"", ""kn"", ""ml"", ""or"", ""pa"", ""as"", ""bh"", ""sat"", ""ks"", ""ne"", ""sd"", ""kok"", ""doi"", ""mni"", ""sit"", ""sa"", ""lus"", ""inc""]"
"100000340222","IN","[""en"", ""hi"", ""bn"", ""te"", ""mr"", ""ta"", ""ur"", ""gu"", ""kn"", ""ml"", ""or"", ""pa"", ""as"", ""bh"", ""sat"", ""ks"", ""ne"", ""sd"", ""kok"", ""doi"", ""mni"", ""sit"", ""sa"", ""lus"", ""inc""]"
"100000340271","IN","[""en"", ""hi"", ""bn"", ""te"", ""mr"", ""ta"", ""ur"", ""gu"", ""kn"", ""ml"", ""or"", ""pa"", ""as"", ""bh"", ""sat"", ""ks"", ""ne"", ""sd"", ""kok"", ""doi"", ""mni"", ""sit"", ""sa"", ""lus"", ""inc""]"
"100000340289","IN","[""en"", ""hi"", ""bn"", ""te"", ""mr"", ""ta"", ""ur"", ""gu"", ""kn"", ""ml"", ""or"", ""pa"", ""as"", ""bh"", ""sat"", ""ks"", ""ne"", ""sd"", ""kok"", ""doi"", ""mni"", ""sit"", ""sa"", ""lus"", ""inc""]"
"100000340305","IN","[""en"", ""hi"", ""bn"", ""te"", ""mr"", ""ta"", ""ur"", ""gu"", ""kn"", ""ml"", ""or"", ""pa"", ""as"", ""bh"", ""sat"", ""ks"", ""ne"", ""sd"", ""kok"", ""doi"", ""mni"", ""sit"", ""sa"", ""lus"", ""inc""]"
"100000340446","IN","[""en"", ""hi"", ""bn"", ""te"", ""mr"", ""ta"", ""ur"", ""gu"", ""kn"", ""ml"", ""or"", ""pa"", ""as"", ""bh"", ""sat"", ""ks"", ""ne"", ""sd"", ""kok"", ""doi"", ""mni"", ""sit"", ""sa"", ""lus"", ""inc""]"
"100000340545","IN","[""en"", ""hi"", ""bn"", ""te"", ""mr"", ""ta"", ""ur"", ""gu"", ""kn"", ""ml"", ""or"", ""pa"", ""as"", ""bh"", ""sat"", ""ks"", ""ne"", ""sd"", ""kok"", ""doi"", ""mni"", ""sit"", ""sa"", ""lus"", ""inc""]"
"100000340552","US","[""en"", ""es"", ""haw"", ""fr""]"
"100000340610","IN","[""en"", ""hi"", ""bn"", ""te"", ""mr"", ""ta"", ""ur"", ""gu"", ""kn"", ""ml"", ""or"", ""pa"", ""as"", ""bh"", ""sat"", ""ks"", ""ne"", ""sd"", ""kok"", ""doi"", ""mni"", ""sit"", ""sa"", ""lus"", ""inc""]"
"100000340628","IN","[""en"", ""hi"", ""bn"", ""te"", ""mr"", ""ta"", ""ur"", ""gu"", ""kn"", ""ml"", ""or"", ""pa"", ""as"", ""bh"", ""sat"", ""ks"", ""ne"", ""sd"", ""kok"", ""doi"", ""mni"", ""sit"", ""sa"", ""lus"", ""inc""]"
"100000340651","US","[""en"", ""es"", ""haw"", ""fr""]"
"100000340669","IN","[""en"", ""hi"", ""bn"", ""te"", ""mr"", ""ta"", ""ur"", ""gu"", ""kn"", ""ml"", ""or"", ""pa"", ""as"", ""bh"", ""sat"", ""ks"", ""ne"", ""sd"", ""kok"", ""doi"", ""mni"", ""sit"", ""sa"", ""lus"", ""inc""]"
"100000340685","US","[""en"", ""es"", ""haw"", ""fr""]"
"100000340693","US","[""en"", ""es"", ""haw"", ""fr""]"
"100000340701","US","[""en"", ""es"", ""haw"", ""fr""]"
"100000340719","US","[""en"", ""es"", ""haw"", ""fr""]"
"100000340743","US","[""en"", ""es"", ""haw"", ""fr""]"
"100000340800","IN","[""en"", ""hi"", ""bn"", ""te"", ""mr"", ""ta"", ""ur"", ""gu"", ""kn"", ""ml"", ""or"", ""pa"", ""as"", ""bh"", ""sat"", ""ks"", ""ne"", ""sd"", ""kok"", ""doi"", ""mni"", ""sit"", ""sa"", ""lus"", ""inc""]"
"100000340818","US","[""en"", ""es"", ""haw"", ""fr""]"
"100000340826","US","[""en"", ""es"", ""haw"", ""fr""]"
"100000340909","US","[""en"", ""es"", ""haw"", ""fr""]"
"100000340974","US","[""en"", ""es"", ""haw"", ""fr""]"
"100000341006","US","[""en"", ""es"", ""haw"", ""fr""]"
"100000341030","US","[""en"", ""es"", ""haw"", ""fr""]"
"100000341097","IN","[""en"", ""hi"", ""bn"", ""te"", ""mr"", ""ta"", ""ur"", ""gu"", ""kn"", ""ml"", ""or"", ""pa"", ""as"", ""bh"", ""sat"", ""ks"", ""ne"", ""sd"", ""kok"", ""doi"", ""mni"", ""sit"", ""sa"", ""lus"", ""inc""]"
"100000341105","CA","[""en"", ""fr"", ""iu""]"
"100000341113","US","[""en"", ""es"", ""haw"", ""fr""]"
"100000341410","IN","[""en"", ""hi"", ""bn"", ""te"", ""mr"", ""ta"", ""ur"", ""gu"", ""kn"", ""ml"", ""or"", ""pa"", ""as"", ""bh"", ""sat"", ""ks"", ""ne"", ""sd"", ""kok"", ""doi"", ""mni"", ""sit"", ""sa"", ""lus"", ""inc""]"
"100000341519","IN","[""en"", ""hi"", ""bn"", ""te"", ""mr"", ""ta"", ""ur"", ""gu"", ""kn"", ""ml"", ""or"", ""pa"", ""as"", ""bh"", ""sat"", ""ks"", ""ne"", ""sd"", ""kok"", ""doi"", ""mni"", ""sit"", ""sa"", ""lus"", ""inc""]"
"100000341717","IN","[""en"", ""hi"", ""bn"", ""te"", ""mr"", ""ta"", ""ur"", ""gu"", ""kn"", ""ml"", ""or"", ""pa"", ""as"", ""bh"", ""sat"", ""ks"", ""ne"", ""sd"", ""kok"", ""doi"", ""mni"", ""sit"", ""sa"", ""lus"", ""inc""]"
"100000341725","IN","[""en"", ""hi"", ""bn"", ""te"", ""mr"", ""ta"", ""ur"", ""gu"", ""kn"", ""ml"", ""or"", ""pa"", ""as"", ""bh"", ""sat"", ""ks"", ""ne"", ""sd"", ""kok"", ""doi"", ""mni"", ""sit"", ""sa"", ""lus"", ""inc""]"
"100000342012","IN","[""en"", ""hi"", ""bn"", ""te"", ""mr"", ""ta"", ""ur"", ""gu"", ""kn"", ""ml"", ""or"", ""pa"", ""as"", ""bh"", ""sat"", ""ks"", ""ne"", ""sd"", ""kok"", ""doi"", ""mni"", ""sit"", ""sa"", ""lus"", ""inc""]"
"100000342020","US","[""en"", ""es"", ""haw"", ""fr""]"
"100000342038","IN","[""en"", ""hi"", ""bn"", ""te"", ""mr"", ""ta"", ""ur"", ""gu"", ""kn"", ""ml"", ""or"", ""pa"", ""as"", ""bh"", ""sat"", ""ks"", ""ne"", ""sd"", ""kok"", ""doi"", ""mni"", ""sit"", ""sa"", ""lus"", ""inc""]"
"100000342087","IN","[""en"", ""hi"", ""bn"", ""te"", ""mr"", ""ta"", ""ur"", ""gu"", ""kn"", ""ml"", ""or"", ""pa"", ""as"", ""bh"", ""sat"", ""ks"", ""ne"", ""sd"", ""kok"", ""doi"", ""mni"", ""sit"", ""sa"", ""lus"", ""inc""]"
"100000342103","IN","[""en"", ""hi"", ""bn"", ""te"", ""mr"", ""ta"", ""ur"", ""gu"", ""kn"", ""ml"", ""or"", ""pa"", ""as"", ""bh"", ""sat"", ""ks"", ""ne"", ""sd"", ""kok"", ""doi"", ""mni"", ""sit"", ""sa"", ""lus"", ""inc""]"
"100000342194","US","[""en"", ""es"", ""haw"", ""fr""]"
"100000342277","US","[""en"", ""es"", ""haw"", ""fr""]"
"100000342442","IN","[""en"", ""hi"", ""bn"", ""te"", ""mr"", ""ta"", ""ur"", ""gu"", ""kn"", ""ml"", ""or"", ""pa"", ""as"", ""bh"", ""sat"", ""ks"", ""ne"", ""sd"", ""kok"", ""doi"", ""mni"", ""sit"", ""sa"", ""lus"", ""inc""]"
"100000342459","IN","[""en"", ""hi"", ""bn"", ""te"", ""mr"", ""ta"", ""ur"", ""gu"", ""kn"", ""ml"", ""or"", ""pa"", ""as"", ""bh"", ""sat"", ""ks"", ""ne"", ""sd"", ""kok"", ""doi"", ""mni"", ""sit"", ""sa"", ""lus"", ""inc""]"
"100000342467","IN","[""en"", ""hi"", ""bn"", ""te"", ""mr"", ""ta"", ""ur"", ""gu"", ""kn"", ""ml"", ""or"", ""pa"", ""as"", ""bh"", ""sat"", ""ks"", ""ne"", ""sd"", ""kok"", ""doi"", ""mni"", ""sit"", ""sa"", ""lus"", ""inc""]"
"100000342475","IN","[""en"", ""hi"", ""bn"", ""te"", ""mr"", ""ta"", ""ur"", ""gu"", ""kn"", ""ml"", ""or"", ""pa"", ""as"", ""bh"", ""sat"", ""ks"", ""ne"", ""sd"", ""kok"", ""doi"", ""mni"", ""sit"", ""sa"", ""lus"", ""inc""]"
"100000342533","IN","[""en"", ""hi"", ""bn"", ""te"", ""mr"", ""ta"", ""ur"", ""gu"", ""kn"", ""ml"", ""or"", ""pa"", ""as"", ""bh"", ""sat"", ""ks"", ""ne"", ""sd"", ""kok"", ""doi"", ""mni"", ""sit"", ""sa"", ""lus"", ""inc""]"
"100000342541","IN","[""en"", ""hi"", ""bn"", ""te"", ""mr"", ""ta"", ""ur"", ""gu"", ""kn"", ""ml"", ""or"", ""pa"", ""as"", ""bh"", ""sat"", ""ks"", ""ne"", ""sd"", ""kok"", ""doi"", ""mni"", ""sit"", ""sa"", ""lus"", ""inc""]"
"100000342848","IN","[""en"", ""hi"", ""bn"", ""te"", ""mr"", ""ta"", ""ur"", ""gu"", ""kn"", ""ml"", ""or"", ""pa"", ""as"", ""bh"", ""sat"", ""ks"", ""ne"", ""sd"", ""kok"", ""doi"", ""mni"", ""sit"", ""sa"", ""lus"", ""inc""]"
"100000342855","IN","[""en"", ""hi"", ""bn"", ""te"", ""mr"", ""ta"", ""ur"", ""gu"", ""kn"", ""ml"", ""or"", ""pa"", ""as"", ""bh"", ""sat"", ""ks"", ""ne"", ""sd"", ""kok"", ""doi"", ""mni"", ""sit"", ""sa"", ""lus"", ""inc""]"
"100000342863","IN","[""en"", ""hi"", ""bn"", ""te"", ""mr"", ""ta"", ""ur"", ""gu"", ""kn"", ""ml"", ""or"", ""pa"", ""as"", ""bh"", ""sat"", ""ks"", ""ne"", ""sd"", ""kok"", ""doi"", ""mni"", ""sit"", ""sa"", ""lus"", ""inc""]"
"100000342871","IN","[""en"", ""hi"", ""bn"", ""te"", ""mr"", ""ta"", ""ur"", ""gu"", ""kn"", ""ml"", ""or"", ""pa"", ""as"", ""bh"", ""sat"", ""ks"", ""ne"", ""sd"", ""kok"", ""doi"", ""mni"", ""sit"", ""sa"", ""lus"", ""inc""]"
"100000343077","IN","[""en"", ""hi"", ""bn"", ""te"", ""mr"", ""ta"", ""ur"", ""gu"", ""kn"", ""ml"", ""or"", ""pa"", ""as"", ""bh"", ""sat"", ""ks"", ""ne"", ""sd"", ""kok"", ""doi"", ""mni"", ""sit"", ""sa"", ""lus"", ""inc""]"
"100000343085","IN","[""en"", ""hi"", ""bn"", ""te"", ""mr"", ""ta"", ""ur"", ""gu"", ""kn"", ""ml"", ""or"", ""pa"", ""as"", ""bh"", ""sat"", ""ks"", ""ne"", ""sd"", ""kok"", ""doi"", ""mni"", ""sit"", ""sa"", ""lus"", ""inc""]"
"100000343093","IN","[""en"", ""hi"", ""bn"", ""te"", ""mr"", ""ta"", ""ur"", ""gu"", ""kn"", ""ml"", ""or"", ""pa"", ""as"", ""bh"", ""sat"", ""ks"", ""ne"", ""sd"", ""kok"", ""doi"", ""mni"", ""sit"", ""sa"", ""lus"", ""inc""]"
"100000343101","IN","[""en"", ""hi"", ""bn"", ""te"", ""mr"", ""ta"", ""ur"", ""gu"", ""kn"", ""ml"", ""or"", ""pa"", ""as"", ""bh"", ""sat"", ""ks"", ""ne"", ""sd"", ""kok"", ""doi"", ""mni"", ""sit"", ""sa"", ""lus"", ""inc""]"
"100000343283","US","[""en"", ""es"", ""haw"", ""fr""]"
"100000343382","IN","[""en"", ""hi"", ""bn"", ""te"", ""mr"", ""ta"", ""ur"", ""gu"", ""kn"", ""ml"", ""or"", ""pa"", ""as"", ""bh"", ""sat"", ""ks"", ""ne"", ""sd"", ""kok"", ""doi"", ""mni"", ""sit"", ""sa"", ""lus"", ""inc""]"
"100000343549","US","[""en"", ""es"", ""haw"", ""fr""]"
"100000343556","US","[""en"", ""es"", ""haw"", ""fr""]"
"100000343564","US","[""en"", ""es"", ""haw"", ""fr""]"
"100000343572","US","[""en"", ""es"", ""haw"", ""fr""]"
"100000343580","US","[""en"", ""es"", ""haw"", ""fr""]"
"100000343598","US","[""en"", ""es"", ""haw"", ""fr""]"
"100000343606","US","[""en"", ""es"", ""haw"", ""fr""]"
"100000343614","US","[""en"", ""es"", ""haw"", ""fr""]"
"100000343622","US","[""en"", ""es"", ""haw"", ""fr""]"
"100000343630","US","[""en"", ""es"", ""haw"", ""fr""]"
"100000343648","US","[""en"", ""es"", ""haw"", ""fr""]"
"100000343655","US","[""en"", ""es"", ""haw"", ""fr""]"
"100000343663","US","[""en"", ""es"", ""haw"", ""fr""]"
"100000343671","US","[""en"", ""es"", ""haw"", ""fr""]"
"100000343689","US","[""en"", ""es"", ""haw"", ""fr""]"
"100000343697","US","[""en"", ""es"", ""haw"", ""fr""]"
"100000343705","US","[""en"", ""es"", ""haw"", ""fr""]"
"100000343788","IN","[""en"", ""hi"", ""bn"", ""te"", ""mr"", ""ta"", ""ur"", ""gu"", ""kn"", ""ml"", ""or"", ""pa"", ""as"", ""bh"", ""sat"", ""ks"", ""ne"", ""sd"", ""kok"", ""doi"", ""mni"", ""sit"", ""sa"", ""lus"", ""inc""]"
"100000343812","IN","[""en"", ""hi"", ""bn"", ""te"", ""mr"", ""ta"", ""ur"", ""gu"", ""kn"", ""ml"", ""or"", ""pa"", ""as"", ""bh"", ""sat"", ""ks"", ""ne"", ""sd"", ""kok"", ""doi"", ""mni"", ""sit"", ""sa"", ""lus"", ""inc""]"
"100000343838","IN","[""en"", ""hi"", ""bn"", ""te"", ""mr"", ""ta"", ""ur"", ""gu"", ""kn"", ""ml"", ""or"", ""pa"", ""as"", ""bh"", ""sat"", ""ks"", ""ne"", ""sd"", ""kok"", ""doi"", ""mni"", ""sit"", ""sa"", ""lus"", ""inc""]"
"100000343853","IN","[""en"", ""hi"", ""bn"", ""te"", ""mr"", ""ta"", ""ur"", ""gu"", ""kn"", ""ml"", ""or"", ""pa"", ""as"", ""bh"", ""sat"", ""ks"", ""ne"", ""sd"", ""kok"", ""doi"", ""mni"", ""sit"", ""sa"", ""lus"", ""inc""]"
"100000343937","IN","[""en"", ""hi"", ""bn"", ""te"", ""mr"", ""ta"", ""ur"", ""gu"", ""kn"", ""ml"", ""or"", ""pa"", ""as"", ""bh"", ""sat"", ""ks"", ""ne"", ""sd"", ""kok"", ""doi"", ""mni"", ""sit"", ""sa"", ""lus"", ""inc""]"
"100000344042","IN","[""en"", ""hi"", ""bn"", ""te"", ""mr"", ""ta"", ""ur"", ""gu"", ""kn"", ""ml"", ""or"", ""pa"", ""as"", ""bh"", ""sat"", ""ks"", ""ne"", ""sd"", ""kok"", ""doi"", ""mni"", ""sit"", ""sa"", ""lus"", ""inc""]"
"100000344133","IN","[""en"", ""hi"", ""bn"", ""te"", ""mr"", ""ta"", ""ur"", ""gu"", ""kn"", ""ml"", ""or"", ""pa"", ""as"", ""bh"", ""sat"", ""ks"", ""ne"", ""sd"", ""kok"", ""doi"", ""mni"", ""sit"", ""sa"", ""lus"", ""inc""]"
"100000344307","IN","[""en"", ""hi"", ""bn"", ""te"", ""mr"", ""ta"", ""ur"", ""gu"", ""kn"", ""ml"", ""or"", ""pa"", ""as"", ""bh"", ""sat"", ""ks"", ""ne"", ""sd"", ""kok"", ""doi"", ""mni"", ""sit"", ""sa"", ""lus"", ""inc""]"
"100000344448","IN","[""en"", ""hi"", ""bn"", ""te"", ""mr"", ""ta"", ""ur"", ""gu"", ""kn"", ""ml"", ""or"", ""pa"", ""as"", ""bh"", ""sat"", ""ks"", ""ne"", ""sd"", ""kok"", ""doi"", ""mni"", ""sit"", ""sa"", ""lus"", ""inc""]"
"100000344463","IN","[""en"", ""hi"", ""bn"", ""te"", ""mr"", ""ta"", ""ur"", ""gu"", ""kn"", ""ml"", ""or"", ""pa"", ""as"", ""bh"", ""sat"", ""ks"", ""ne"", ""sd"", ""kok"", ""doi"", ""mni"", ""sit"", ""sa"", ""lus"", ""inc""]"
"100000344935","IN","[""en"", ""hi"", ""bn"", ""te"", ""mr"", ""ta"", ""ur"", ""gu"", ""kn"", ""ml"", ""or"", ""pa"", ""as"", ""bh"", ""sat"", ""ks"", ""ne"", ""sd"", ""kok"", ""doi"", ""mni"", ""sit"", ""sa"", ""lus"", ""inc""]"
"100000345494","IN","[""en"", ""hi"", ""bn"", ""te"", ""mr"", ""ta"", ""ur"", ""gu"", ""kn"", ""ml"", ""or"", ""pa"", ""as"", ""bh"", ""sat"", ""ks"", ""ne"", ""sd"", ""kok"", ""doi"", ""mni"", ""sit"", ""sa"", ""lus"", ""inc""]"
"100000345502","IN","[""en"", ""hi"", ""bn"", ""te"", ""mr"", ""ta"", ""ur"", ""gu"", ""kn"", ""ml"", ""or"", ""pa"", ""as"", ""bh"", ""sat"", ""ks"", ""ne"", ""sd"", ""kok"", ""doi"", ""mni"", ""sit"", ""sa"", ""lus"", ""inc""]"
"100000345569","IN","[""en"", ""hi"", ""bn"", ""te"", ""mr"", ""ta"", ""ur"", ""gu"", ""kn"", ""ml"", ""or"", ""pa"", ""as"", ""bh"", ""sat"", ""ks"", ""ne"", ""sd"", ""kok"", ""doi"", ""mni"", ""sit"", ""sa"", ""lus"", ""inc""]"
"100000345593","IN","[""en"", ""hi"", ""bn"", ""te"", ""mr"", ""ta"", ""ur"", ""gu"", ""kn"", ""ml"", ""or"", ""pa"", ""as"", ""bh"", ""sat"", ""ks"", ""ne"", ""sd"", ""kok"", ""doi"", ""mni"", ""sit"", ""sa"", ""lus"", ""inc""]"
"100000345684","US","[""en"", ""es"", ""haw"", ""fr""]"
"100000345692","CA","[""en"", ""fr"", ""iu""]"
"100000345726","DZ","[""ar""]"
"100000345742","CA","[""en"", ""fr"", ""iu""]"
"100000345759","IN","[""en"", ""hi"", ""bn"", ""te"", ""mr"", ""ta"", ""ur"", ""gu"", ""kn"", ""ml"", ""or"", ""pa"", ""as"", ""bh"", ""sat"", ""ks"", ""ne"", ""sd"", ""kok"", ""doi"", ""mni"", ""sit"", ""sa"", ""lus"", ""inc""]"
"100000345791","IN","[""en"", ""hi"", ""bn"", ""te"", ""mr"", ""ta"", ""ur"", ""gu"", ""kn"", ""ml"", ""or"", ""pa"", ""as"", ""bh"", ""sat"", ""ks"", ""ne"", ""sd"", ""kok"", ""doi"", ""mni"", ""sit"", ""sa"", ""lus"", ""inc""]"
"100000345817","IN","[""en"", ""hi"", ""bn"", ""te"", ""mr"", ""ta"", ""ur"", ""gu"", ""kn"", ""ml"", ""or"", ""pa"", ""as"", ""bh"", ""sat"", ""ks"", ""ne"", ""sd"", ""kok"", ""doi"", ""mni"", ""sit"", ""sa"", ""lus"", ""inc""]"
"100000345833","AS","[""en"", ""sm"", ""to""]"
"100000345874","IN","[""en"", ""hi"", ""bn"", ""te"", ""mr"", ""ta"", ""ur"", ""gu"", ""kn"", ""ml"", ""or"", ""pa"", ""as"", ""bh"", ""sat"", ""ks"", ""ne"", ""sd"", ""kok"", ""doi"", ""mni"", ""sit"", ""sa"", ""lus"", ""inc""]"
"100000345940","SA","[""ar""]"
"100000346062","IN","[""en"", ""hi"", ""bn"", ""te"", ""mr"", ""ta"", ""ur"", ""gu"", ""kn"", ""ml"", ""or"", ""pa"", ""as"", ""bh"", ""sat"", ""ks"", ""ne"", ""sd"", ""kok"", ""doi"", ""mni"", ""sit"", ""sa"", ""lus"", ""inc""]"
"100000346104","IN","[""en"", ""hi"", ""bn"", ""te"", ""mr"", ""ta"", ""ur"", ""gu"", ""kn"", ""ml"", ""or"", ""pa"", ""as"", ""bh"", ""sat"", ""ks"", ""ne"", ""sd"", ""kok"", ""doi"", ""mni"", ""sit"", ""sa"", ""lus"", ""inc""]"
"100000346260","IN","[""en"", ""hi"", ""bn"", ""te"", ""mr"", ""ta"", ""ur"", ""gu"", ""kn"", ""ml"", ""or"", ""pa"", ""as"", ""bh"", ""sat"", ""ks"", ""ne"", ""sd"", ""kok"", ""doi"", ""mni"", ""sit"", ""sa"", ""lus"", ""inc""]"
"100000346294","US","[""en"", ""es"", ""haw"", ""fr""]"
"100000346344","SA","[""ar""]"
"100000346385","IN","[""en"", ""hi"", ""bn"", ""te"", ""mr"", ""ta"", ""ur"", ""gu"", ""kn"", ""ml"", ""or"", ""pa"", ""as"", ""bh"", ""sat"", ""ks"", ""ne"", ""sd"", ""kok"", ""doi"", ""mni"", ""sit"", ""sa"", ""lus"", ""inc""]"
"100000346393","IN","[""en"", ""hi"", ""bn"", ""te"", ""mr"", ""ta"", ""ur"", ""gu"", ""kn"", ""ml"", ""or"", ""pa"", ""as"", ""bh"", ""sat"", ""ks"", ""ne"", ""sd"", ""kok"", ""doi"", ""mni"", ""sit"", ""sa"", ""lus"", ""inc""]"
"100000346716","IN","[""en"", ""hi"", ""bn"", ""te"", ""mr"", ""ta"", ""ur"", ""gu"", ""kn"", ""ml"", ""or"", ""pa"", ""as"", ""bh"", ""sat"", ""ks"", ""ne"", ""sd"", ""kok"", ""doi"", ""mni"", ""sit"", ""sa"", ""lus"", ""inc""]"
"100000346724","IN","[""en"", ""hi"", ""bn"", ""te"", ""mr"", ""ta"", ""ur"", ""gu"", ""kn"", ""ml"", ""or"", ""pa"", ""as"", ""bh"", ""sat"", ""ks"", ""ne"", ""sd"", ""kok"", ""doi"", ""mni"", ""sit"", ""sa"", ""lus"", ""inc""]"
"100000346757","IN","[""en"", ""hi"", ""bn"", ""te"", ""mr"", ""ta"", ""ur"", ""gu"", ""kn"", ""ml"", ""or"", ""pa"", ""as"", ""bh"", ""sat"", ""ks"", ""ne"", ""sd"", ""kok"", ""doi"", ""mni"", ""sit"", ""sa"", ""lus"", ""inc""]"
"100000346799","IN","[""en"", ""hi"", ""bn"", ""te"", ""mr"", ""ta"", ""ur"", ""gu"", ""kn"", ""ml"", ""or"", ""pa"", ""as"", ""bh"", ""sat"", ""ks"", ""ne"", ""sd"", ""kok"", ""doi"", ""mni"", ""sit"", ""sa"", ""lus"", ""inc""]"
"100000346807","IN","[""en"", ""hi"", ""bn"", ""te"", ""mr"", ""ta"", ""ur"", ""gu"", ""kn"", ""ml"", ""or"", ""pa"", ""as"", ""bh"", ""sat"", ""ks"", ""ne"", ""sd"", ""kok"", ""doi"", ""mni"", ""sit"", ""sa"", ""lus"", ""inc""]"
"100000346815","IN","[""en"", ""hi"", ""bn"", ""te"", ""mr"", ""ta"", ""ur"", ""gu"", ""kn"", ""ml"", ""or"", ""pa"", ""as"", ""bh"", ""sat"", ""ks"", ""ne"", ""sd"", ""kok"", ""doi"", ""mni"", ""sit"", ""sa"", ""lus"", ""inc""]"
"100000346831","IN","[""en"", ""hi"", ""bn"", ""te"", ""mr"", ""ta"", ""ur"", ""gu"", ""kn"", ""ml"", ""or"", ""pa"", ""as"", ""bh"", ""sat"", ""ks"", ""ne"", ""sd"", ""kok"", ""doi"", ""mni"", ""sit"", ""sa"", ""lus"", ""inc""]"
"100000346849","CA","[""en"", ""fr"", ""iu""]"
"100000346864","US","[""en"", ""es"", ""haw"", ""fr""]"
"100000346898","US","[""en"", ""es"", ""haw"", ""fr""]"
"100000346914","US","[""en"", ""es"", ""haw"", ""fr""]"
